circuit,initial_size,none_size,none_time,sifting_size,sifting_time,group_size,group_time,iggroup_size,iggroup_time,lb_size,lb_time,tightlb_size,tightlb_time,iglb_size,iglb_time
0410184_169,39,39,0.000658,33,0.207148,33,0.201051,33,0.105261,33,0.083619,33,0.067563,33,0.104439
0410184_170,39,39,0.001424,34,0.173903,34,0.191874,34,0.11221,34,0.087231,34,0.067075,34,0.105445
3_17_13,10,10,0.000208,10,0.004982,10,0.005794,10,0.007659,10,0.005251,10,0.01201,10,0.007525
3_17_14,10,10,0.000101,10,0.004637,10,0.005588,10,0.005821,10,0.006018,10,0.010131,10,0.00403
3_17_15,10,10,0.000242,10,0.005526,10,0.004643,10,0.004248,10,0.004544,10,0.012352,10,0.007082
4_49_16,21,21,0.000168,20,0.011361,20,0.011542,20,0.00799,20,0.010731,20,0.017792,20,0.009051
4_49_17,21,21,0.000134,20,0.010853,20,0.01188,20,0.010015,20,0.010054,20,0.017531,20,0.010078
4gt10-v1_81,33,33,0.000119,24,0.014792,24,0.014155,24,0.017733,24,0.015496,22,0.016183,24,0.017472
4gt11-v1_85,22,22,0.000205,12,0.014617,12,0.015881,12,0.013921,12,0.013197,12,0.016544,12,0.010983
4gt11_82,18,18,0.000135,18,0.016404,18,0.016745,18,0.012419,18,0.016527,18,0.024175,18,0.017633
4gt11_83,26,26,0.000119,22,0.016322,22,0.016716,22,0.016752,22,0.015494,22,0.026651,22,0.020208
4gt11_84,22,22,9.1,12,0.018265,12,0.015346,12,0.020635,12,0.012494,12,0.018185,12,0.015819
4gt12-v0_86,22,22,0.000215,22,0.020682,22,0.019044,22,0.019307,22,0.016444,21,0.018336,22,0.017849
4gt12-v0_87,30,30,0.000128,23,0.01666,23,0.016111,23,0.017711,23,0.012118,23,0.01822,23,0.012351
4gt12-v0_88,36,36,0.00012,15,0.016487,15,0.015652,15,0.01868,15,0.015504,15,0.017828,15,0.016436
4gt12-v1_89,24,24,9.8,16,0.016672,16,0.01469,16,0.015893,16,0.017081,16,0.021131,16,0.01747
4gt13-v1_93,26,26,0.000105,14,0.014688,14,0.01754,14,0.016697,14,0.014718,14,0.018884,14,0.015969
4gt13_90,20,20,0.000165,19,0.017784,19,0.015871,19,0.012006,19,0.016138,19,0.02008,19,0.014222
4gt13_91,28,28,0.000126,21,0.015385,21,0.013288,21,0.018182,21,0.014947,21,0.017734,21,0.015854
4gt13_92,26,26,0.000113,14,0.037671,14,0.020201,14,0.025901,14,0.015463,14,0.018854,14,0.017208
4gt4-v0_72,30,30,0.000123,23,0.016476,23,0.014819,23,0.019192,23,0.016222,23,0.025975,23,0.01595
4gt4-v0_73,22,22,0.000168,22,0.016934,22,0.017785,22,0.01586,22,0.014546,21,0.015207,22,0.016501
4gt4-v0_78,22,22,0.000136,22,0.016694,22,0.014549,22,0.015045,22,0.015164,21,0.016587,22,0.014623
4gt4-v0_79,30,30,0.000124,23,0.015607,23,0.013814,23,0.016966,23,0.01242,23,0.019338,23,0.0169
4gt4-v0_80,32,32,0.000119,17,0.01392,17,0.013776,17,0.018578,17,0.020108,17,0.027494,17,0.014826
4gt4-v1_74,29,29,0.000124,26,0.01504,26,0.014802,26,0.017419,26,0.012946,21,0.021503,26,0.018344
4gt5_75,42,42,0.000118,21,0.014525,21,0.014435,21,0.013094,21,0.012195,21,0.016969,21,0.013156
4gt5_76,20,20,0.00015,19,0.015911,19,0.016864,19,0.013114,19,0.012491,19,0.015862,19,0.013924
4gt5_77,27,27,0.000106,16,0.01357,16,0.013258,16,0.017217,16,0.012059,16,0.017268,16,0.016816
4mod5-bdd_287,74,74,0.000185,25,0.035559,25,0.033294,21,0.027932,25,0.024062,19,0.022822,21,0.029177
4mod5-v0_18,20,20,0.000159,18,0.01224,18,0.013011,18,0.018486,18,0.016016,18,0.023123,18,0.017014
4mod5-v0_19,19,19,0.000111,14,0.014426,14,0.015914,14,0.015386,14,0.014919,11,0.016947,14,0.012734
4mod5-v0_20,22,22,0.000107,12,0.01518,12,0.015688,12,0.013373,12,0.014362,11,0.017693,12,0.014657
4mod5-v0_21,20,20,0.000153,18,0.012947,18,0.016048,18,0.020244,18,0.014154,18,0.017164,18,0.017724
4mod5-v1_22,16,16,0.000101,12,0.014055,12,0.015443,12,0.012262,12,0.013838,11,0.016511,12,0.013173
4mod5-v1_23,19,19,0.000148,14,0.014854,14,0.015487,14,0.016411,14,0.016387,11,0.017978,14,0.016492
4mod5-v1_24,28,28,0.000124,23,0.016498,23,0.016668,23,0.01651,23,0.015098,15,0.016378,23,0.016371
4mod5-v1_25,16,16,0.000125,12,0.017401,12,0.016214,12,0.011354,12,0.012615,11,0.017208,12,0.013416
4mod7-v0_94,29,29,0.000176,20,0.013355,20,0.016333,20,0.015711,20,0.015414,18,0.018532,20,0.013016
4mod7-v0_95,29,29,0.00013,20,0.016186,20,0.015088,20,0.01724,20,0.015516,18,0.017655,20,0.022163
4mod7-v1_96,29,29,0.000129,20,0.016787,20,0.017713,20,0.016075,20,0.017083,18,0.017182,20,0.016278
5xp1_194,720,720,0.0018,138,0.287179,138,0.302716,204,0.306652,129,0.251354,128,0.244462,204,0.339708
9symml_195,41,41,0.001285,41,0.093723,41,0.094362,41,0.093798,41,0.095504,41,0.110735,41,0.089727
C17_204,25,25,0.000146,20,0.050498,20,0.038312,20,0.041652,20,0.036047,20,0.043673,20,0.04027
C7552_205,184,184,0.000892,96,0.420656,96,0.506217,107,0.448363,96,0.364597,96,0.442739,107,0.462382
add16_174,174,174,0.004938,143,2.79102,143,2.77676,143,1.356,143,1.27535,143,0.509665,143,1.59393
add16_175,174,174,0.008957,143,3.33624,143,2.98257,143,1.43882,143,0.957791,143,0.406529,143,1.21381
add32_183,350,350,0.019076,287,11.4673,287,13.2466,287,5.99117,287,4.93002,287,1.60914,287,5.27421
add32_185,350,350,0.030744,287,12.7587,287,11.2489,287,5.30818,287,4.96946,287,1.75846,287,5.67275
add6_196,758,758,0.016899,53,0.814165,53,0.803309,95,0.674551,203,0.477153,328,0.38991,95,0.641269
add8_172,86,86,0.001027,71,0.61004,71,0.570383,71,0.280786,71,0.181731,71,0.125215,71,0.295878
adr4_197,175,175,0.001224,43,0.147807,43,0.138702,43,0.14475,109,0.142934,117,0.150522,43,0.145294
aj-e11_165,18,18,0.000192,18,0.010124,18,0.01111,18,0.010408,18,0.010573,18,0.01648,18,0.011138
aj-e11_168,18,18,0.000122,18,0.008739,18,0.008515,18,0.012599,18,0.008397,18,0.016212,18,0.008045
alu-bdd_288,34,34,0.000175,31,0.039869,31,0.052235,31,0.03167,31,0.029334,29,0.033603,31,0.035973
alu-v0_26,23,23,0.000126,17,0.015273,17,0.015587,17,0.015585,17,0.014819,17,0.014944,17,0.016522
alu-v0_27,30,30,0.00015,22,0.01551,22,0.016875,22,0.014619,22,0.015884,20,0.018987,22,0.012674
alu-v1_28,26,26,0.000131,24,0.01658,24,0.017943,24,0.0139,24,0.018932,24,0.025883,24,0.015256
alu-v1_29,24,24,0.000124,22,0.017593,22,0.033798,22,0.024644,22,0.015601,20,0.015389,22,0.016598
alu-v2_30,29,29,0.000236,29,0.019072,29,0.019374,29,0.016359,29,0.012341,29,0.023581,29,0.01578
alu-v2_31,18,18,0.000141,18,0.018516,18,0.015209,18,0.0178,18,0.017816,18,0.020755,18,0.019172
alu-v2_32,22,22,0.000118,22,0.017852,22,0.017038,22,0.017635,22,0.015578,22,0.020905,22,0.018136
alu-v2_33,26,26,0.000139,22,0.019025,22,0.017441,22,0.011278,22,0.018421,20,0.01917,22,0.012694
alu-v3_34,32,32,0.000162,23,0.011143,23,0.012073,23,0.0215,23,0.014457,23,0.016795,23,0.01903
alu-v3_35,32,32,0.000137,24,0.01392,24,0.01724,26,0.025026,24,0.014868,26,0.021888,26,0.01858
alu-v4_36,32,32,0.000125,26,0.017532,26,0.018191,26,0.015516,26,0.015101,24,0.019635,26,0.017078
alu-v4_37,34,34,0.000183,26,0.016602,26,0.019172,26,0.016308,30,0.016488,28,0.015566,26,0.016306
alu1_198,1616,1616,0.002325,504,0.972659,504,0.888599,428,0.813952,681,0.568156,748,0.49625,428,0.834628
alu2_199,507,507,0.005661,287,0.266408,287,0.26268,425,0.247905,445,0.170958,279,0.15934,425,0.278618
alu3_200,512,512,0.002145,264,0.338421,264,0.345151,329,0.306469,414,0.321313,401,0.24434,329,0.312152
alu4_201,3212,3212,0.453507,932,4.27245,932,3.91083,1057,3.02586,1030,2.31762,2503,2.02936,930,3.4158
apex4_202,2775,2775,0.444087,2093,8.38892,2093,9.20106,2130,8.33933,2181,7.38812,2587,6.63695,2130,9.10813
apla_203,397,397,0.001834,293,0.553023,293,0.49447,293,0.498393,294,0.325219,290,0.308507,293,0.491464
arb8_323,3097,3097,0.023519,99,1.21227,98,1.2397,113,1.45141,237,1.15547,473,1.04937,113,1.38061
c2_181,150,150,0.011025,136,1.75873,136,1.90584,136,1.20468,136,0.802833,136,0.335766,136,1.11704
c2_182,512,512,0.062756,354,2.15254,354,2.05106,362,1.13749,396,0.685197,414,0.50232,362,1.21973
clip_206,264,264,0.004543,182,0.342414,182,0.265013,182,0.233893,158,0.201194,172,0.18601,182,0.245637
cm150a_210,131352,131352,1.30402,146,1.63964,146,1.85849,147,1.48302,158,1.37155,151,1.08134,147,1.14044
cm151a_211,4096,4096,0.012051,254,2.27424,254,2.40216,257,3.13138,177,1.11799,166,1.16885,257,3.45895
cm152a_212,534,534,0.000536,51,0.14885,51,0.143958,51,0.172401,51,0.160717,56,0.186599,51,0.204607
cm163a_213,1075,1075,0.002041,192,2.67157,192,2.37761,196,1.89587,276,1.15749,288,1.00298,199,2.06494
cm42a_207,81,81,0.000464,54,0.267469,54,0.343007,54,0.255869,55,0.22756,55,0.345988,54,0.298745
cm82a_208,31,31,0.00022,21,0.05498,21,0.170001,21,0.054401,21,0.062147,21,0.059526,21,0.062479
cm85a_209,102,102,0.001523,92,0.235571,92,0.369403,66,0.181189,92,0.163071,79,0.141147,66,0.172925
cmb_214,69,69,0.001043,60,0.649444,60,0.946286,60,0.701315,60,0.280591,60,0.554117,60,0.559267
cnt3-5_179,48,48,0.001612,48,0.408283,48,0.321442,48,0.16364,48,0.100761,47,0.074016,48,0.161484
cnt3-5_180,48,48,0.000565,48,0.369089,48,0.330169,48,0.157026,48,0.12486,47,0.079273,48,0.128567
co14_215,42,42,0.000335,42,0.228681,42,0.23699,42,0.262291,42,0.229842,42,0.2577,42,0.221547
con1_216,37,37,0.000209,35,0.072938,35,0.061657,35,0.061749,35,0.059723,34,0.072775,35,0.059322
cordic_218,114,114,0.84345,162,3.71453,157,3.9262,125,2.0878,125,1.72735,193,1.57899,125,2.24641
cu_219,317,317,0.001068,162,0.6467,162,0.646513,149,0.535755,207,0.517394,207,0.539117,151,0.533471
cycle10_293,397810,397810,15.0214,768,15.0885,768,15.2243,901,10.2602,172705,405.515,51761,306.619,901,10.4451
cycle10_2_110,67,67,0.000397,49,0.141522,49,0.128798,49,0.107318,49,0.08521,40,0.082839,49,0.148662
cycle17_3_112,236,236,0.001612,63,0.436777,63,0.412682,63,0.366363,63,0.211028,63,0.175289,63,0.339411
dc1_220,64,64,0.0003,54,0.100873,54,0.102486,55,0.109532,54,0.096222,54,0.106354,55,0.111545
dc1_221,64,64,0.000352,54,0.096903,54,0.103675,55,0.108093,54,0.097773,54,0.111976,55,0.105699
dc2_222,338,338,0.000841,108,0.244515,108,0.259318,104,0.190351,138,0.134388,138,0.142328,104,0.184871
decod24-bdd_294,17,17,0.000177,15,0.024827,15,0.022613,15,0.022706,15,0.022401,15,0.037844,15,0.022438
decod24-enable_124,56,56,0.000158,34,0.021156,34,0.022711,34,0.024837,34,0.022833,32,0.026443,34,0.023314
decod24-enable_125,56,56,0.00016,34,0.021855,34,0.02147,34,0.025085,34,0.022476,32,0.030607,34,0.026793
decod24-enable_126,56,56,0.000326,34,0.024041,34,0.02312,34,0.023721,34,0.024752,32,0.028316,34,0.024833
decod24-v0_38,16,16,0.000107,13,0.009351,13,0.009834,13,0.010716,13,0.010403,13,0.014269,13,0.010419
decod24-v0_39,16,16,0.000109,13,0.008226,13,0.01082,13,0.00939,13,0.008902,13,0.013616,13,0.008842
decod24-v0_40,22,22,0.000144,18,0.010834,18,0.010744,18,0.010038,18,0.009774,18,0.015449,18,0.008259
decod24-v1_41,13,13,0.000129,13,0.010169,13,0.009876,13,0.010537,13,0.011013,13,0.014203,13,0.007764
decod24-v1_42,22,22,0.000151,18,0.010412,18,0.01099,18,0.009743,18,0.009783,18,0.013903,18,0.009994
decod24-v2_43,16,16,0.000124,13,0.011705,13,0.010022,13,0.010748,13,0.009834,12,0.013662,13,0.010819
decod24-v2_44,22,22,0.000147,18,0.011112,18,0.010878,18,0.010303,18,0.0139,18,0.018248,18,0.012238
decod24-v3_45,16,16,0.000129,16,0.010461,16,0.010743,16,0.010645,16,0.010254,16,0.015467,16,0.009731
decod24-v3_46,22,22,0.000134,18,0.011138,18,0.011246,18,0.011203,18,0.010083,18,0.013902,18,0.009562
decod_217,184,184,0.000987,96,0.456076,96,0.455071,107,0.497737,96,0.444342,96,0.430371,107,0.524782
dist_223,204,204,0.00251,187,0.154188,187,0.158569,187,0.192318,187,0.154135,187,0.144914,187,0.1642
dk17_224,362,362,0.001503,228,0.430923,228,0.397442,236,0.444036,248,0.31286,245,0.363344,238,0.449667
dk27_225,352,352,0.000675,80,0.304191,80,0.30442,85,0.293693,164,0.190601,139,0.243756,85,0.25303
ex-1_166,9,9,0.000101,9,0.006297,9,0.004175,9,0.004439,9,0.005769,9,0.008595,9,0.004321
ex1010_230,1468,1468,0.058585,1443,1.54127,1443,1.64617,1443,1.56942,1450,1.32164,1451,1.07703,1443,1.54157
ex1_226,12,12,0.000111,12,0.024716,12,0.0268,12,0.026402,12,0.023736,12,0.037138,12,0.024111
ex2_227,21,21,0.000135,18,0.027131,18,0.027573,18,0.02559,18,0.022435,17,0.034168,18,0.030795
ex3_228,21,21,0.000135,18,0.025061,18,0.026923,18,0.026096,18,0.025804,17,0.03359,18,0.025163
ex3_229,19,19,0.000111,18,0.025075,18,0.024941,18,0.025111,18,0.025397,18,0.035654,18,0.028543
example2_231,507,507,0.00429,287,0.281517,287,0.332904,425,0.271928,445,0.202986,279,0.183459,425,0.263655
f2_232,40,40,0.000162,30,0.052153,30,0.051961,30,0.059215,30,0.052664,30,0.056018,30,0.06285
f51m_233,5103,5103,0.162468,1092,2.48909,1092,2.37868,1205,1.82028,1285,1.43803,1618,1.41053,1205,1.89077
fredkin_5,9,9,0.000129,9,0.004313,9,0.004098,9,0.004254,9,0.004237,9,0.009832,9,0.004272
fredkin_6,9,9,0.000105,9,0.003914,9,0.005931,9,0.003939,9,0.004272,9,0.008914,9,0.006607
fredkin_7,9,9,0.000122,9,0.003926,9,0.003906,9,0.005079,9,0.004082,9,0.007996,9,0.006356
frg1_234,1286,1286,0.017615,536,2.33567,563,2.28848,474,2.04926,364,1.09442,547,1.0323,504,1.96529
graycode6_47,12,12,0.000111,12,0.026691,12,0.027354,12,0.019105,12,0.018955,12,0.012629,12,0.019229
graycode6_48,12,12,0.000126,12,0.025721,12,0.025797,12,0.019682,12,0.0192,12,0.012715,12,0.020181
ham15_107,4522,4522,0.026344,3238,1.58079,3238,1.59008,2390,1.13942,1478,0.747521,2190,0.528809,2390,1.18393
ham15_108,4522,4522,0.022314,1170,1.95484,1170,2.01046,2314,0.838856,4374,1.0513,2190,0.705928,2314,0.902335
ham15_109,4522,4522,0.030125,1986,1.23089,1986,1.16909,1334,0.792509,2706,1.03022,2086,0.69008,1334,0.791023
ham3_102,10,10,0.000102,10,0.004819,10,0.004247,10,0.004013,10,0.006442,10,0.011034,10,0.006151
ham3_103,10,10,0.000106,FAIL,FAIL,FAIL,FAIL,FAIL,FAIL,FAIL,FAIL,10,0.011062,FAIL,FAIL
ham7_104,130,130,0.00044,126,0.048613,126,0.054065,126,0.03559,126,0.038203,126,0.037954,126,0.035214
ham7_105,130,130,0.000399,126,0.036612,126,0.042661,126,0.036039,126,0.039613,126,0.040579,126,0.032193
ham7_106,130,130,0.000459,126,0.039197,126,0.046117,126,0.03392,126,0.036024,126,0.042705,126,0.036683
ham7_299,9290,9290,0.062206,528,1.67406,528,1.88864,500,1.37993,1032,0.988576,1294,0.697843,500,1.24806
hwb4_49,22,22,0.000231,20,0.009308,20,0.009866,20,0.007775,20,0.008715,20,0.017581,20,0.009614
hwb4_50,22,22,0.000184,20,0.011228,20,0.008683,20,0.008104,20,0.008909,20,0.013611,20,0.008022
hwb4_51,20,20,0.000176,FAIL,FAIL,FAIL,FAIL,FAIL,FAIL,FAIL,FAIL,19,0.027922,FAIL,FAIL
hwb4_52,22,22,0.000163,20,0.010603,20,0.014466,20,0.013248,20,0.012097,20,0.022315,20,0.013773
hwb5_300,291185,291185,14.9368,7986,23.268,7986,22.9659,14584,14.8974,20536,9.2377,20560,7.46634,14584,14.8331
hwb5_53,47,47,0.000584,38,0.023106,38,0.018793,38,0.020527,38,0.017357,38,0.031513,38,0.021591
hwb5_54,41,41,0.000434,FAIL,FAIL,FAIL,FAIL,FAIL,FAIL,FAIL,FAIL,41,0.026075,FAIL,FAIL
hwb5_55,47,47,0.000376,38,0.016856,38,0.015719,38,0.018956,38,0.015396,38,0.024558,38,0.020207
hwb6_56,87,87,0.001799,80,0.030417,80,0.031755,80,0.033611,80,0.029203,80,0.044835,80,0.032508
hwb6_57,83,83,0.001321,FAIL,FAIL,FAIL,FAIL,FAIL,FAIL,FAIL,FAIL,83,0.037294,FAIL,FAIL
hwb6_58,87,87,0.001218,80,0.027893,80,0.027935,80,0.031237,80,0.032095,80,0.051616,80,0.038541
hwb7_59,179,179,0.006755,155,0.055999,155,0.055323,155,0.063886,155,0.056515,155,0.067703,155,0.060826
hwb7_60,161,161,0.005093,FAIL,FAIL,FAIL,FAIL,FAIL,FAIL,FAIL,FAIL,161,0.069764,FAIL,FAIL
hwb7_61,179,179,0.008181,155,0.101408,155,0.069565,155,0.120755,155,0.068535,155,0.090602,155,0.080843
hwb7_62,179,179,0.010513,155,0.07697,155,0.07908,155,0.084748,155,0.092093,155,0.102391,155,0.085671
hwb8_113,343,343,0.038022,280,0.190699,280,0.152439,280,0.15191,280,0.160162,280,0.157509,280,0.158108
hwb8_114,343,343,0.029876,280,0.141746,280,0.145123,280,0.147587,280,0.158882,280,0.158387,280,0.153629
hwb8_115,343,343,0.032471,280,0.164,280,0.162366,280,0.15713,280,0.143724,280,0.150497,280,0.147165
hwb8_116,343,343,0.038958,280,0.169295,280,0.169425,280,0.173542,280,0.180017,280,0.169262,280,0.171469
hwb8_117,343,343,0.0493,280,0.22109,280,0.20135,280,0.169354,280,0.165568,280,0.177432,280,0.171248
hwb8_118,343,343,0.033199,280,0.15327,280,0.174576,280,0.181366,280,0.146208,280,0.165484,280,0.154111
hwb9_119,683,683,0.181243,526,0.478612,526,0.433605,526,0.463042,526,0.44446,520,0.476333,526,0.545776
hwb9_120,683,683,0.158915,526,0.445433,526,0.462128,526,0.465018,526,0.433083,520,0.488297,526,0.455179
hwb9_121,683,683,0.1549,526,0.420267,526,0.447913,526,0.540046,526,0.487993,520,0.482771,526,0.481543
hwb9_122,683,683,0.166129,526,0.450528,526,0.473888,526,0.457565,526,0.440092,520,0.521711,526,0.444182
hwb9_123,683,683,0.236118,526,0.597872,526,0.534467,526,0.579178,526,0.596616,520,0.64816,526,0.554294
in0_235,1183,1183,0.014901,663,3.31943,663,2.41426,584,3.28885,705,1.58932,753,1.35536,584,2.30007
in2_236,7525,7525,0.454074,806,2.83907,806,3.09294,500,3.35997,1016,2.43382,885,2.17154,500,2.31446
inc_237,183,183,0.001009,143,0.300307,143,0.268889,157,0.261536,147,0.181267,154,0.236873,157,0.255895
life_238,49,49,0.001246,49,0.090768,49,0.083931,49,0.084081,49,0.08317,35,0.093414,49,0.086434
majority_239,15,15,0.000136,14,0.026663,14,0.027109,14,0.026446,14,0.026074,14,0.040025,14,0.026849
max46_240,83,83,0.001343,83,0.101095,83,0.086036,83,0.084668,83,0.091576,83,0.094757,83,0.080771
miller_11,11,11,0.000156,11,0.008111,11,0.008124,11,0.00781,11,0.006397,11,0.010882,11,0.004202
miller_12,11,11,0.000192,11,0.004135,11,0.004602,11,0.004023,11,0.004136,11,0.009103,11,0.005832
mini-alu_167,18,18,0.000175,17,0.00753,17,0.007449,17,0.009094,17,0.007291,17,0.015313,17,0.009288
mini_alu_305,375,375,0.000887,81,0.077638,81,0.075916,81,0.071846,81,0.042186,272,0.062566,81,0.0646
misex1_241,103,103,0.000522,84,0.191329,84,0.198348,86,0.201922,85,0.18417,84,0.206764,86,0.194037
misex3_242,7719,7719,0.752714,544,5.23735,544,3.9346,592,3.71904,1280,2.43287,2464,2.1028,592,3.53543
misex3c_243,7719,7719,0.635229,540,5.48822,540,5.7026,611,3.31734,1410,3.42236,1946,3.29776,709,3.39471
misex3c_244,7719,7719,0.573831,540,5.80261,540,5.42273,611,3.63659,1410,3.36972,1946,2.80784,709,3.72494
mlp4_245,526,526,0.002293,358,0.304404,358,0.310691,361,0.246381,384,0.201222,408,0.227875,361,0.267714
mod10_171,16,16,0.000144,15,0.01097,15,0.008846,15,0.011863,15,0.008588,15,0.0154,15,0.009355
mod10_176,14,14,0.00016,14,0.007914,14,0.009394,14,0.010381,14,0.009908,14,0.014168,14,0.008464
mod5adder_127,51,51,0.000311,48,0.027734,48,0.025705,44,0.023778,48,0.019242,42,0.026877,44,0.021834
mod5adder_128,51,51,0.00022,48,0.026045,48,0.025588,44,0.023427,48,0.020119,42,0.027578,44,0.022385
mod5adder_129,51,51,0.000338,48,0.025988,48,0.02509,44,0.022263,48,0.018741,42,0.025135,44,0.021094
mod5adder_306,407721,407721,16.1737,12062,35.0133,12062,34.748,17246,20.5623,27258,20.6683,61002,38.6417,17246,20.2934
mod5d1_63,19,19,0.000145,14,0.014503,14,0.015758,14,0.016379,14,0.014086,11,0.018618,14,0.016065
mod5d2_64,16,16,0.000112,16,0.016843,16,0.017663,16,0.015368,16,0.014521,16,0.014617,16,0.012676
mod5d2_70,16,16,0.000119,16,0.014214,16,0.01993,16,0.017792,16,0.01554,16,0.011584,16,0.013225
mod5mils_65,19,19,0.000178,14,0.01336,14,0.016455,14,0.015711,14,0.016555,11,0.016223,14,0.0145
mod5mils_71,19,19,0.00012,14,0.016163,14,0.015542,14,0.01305,14,0.013215,11,0.042729,14,0.027873
mod8-10_177,20,20,0.000217,18,0.014974,18,0.018826,18,0.018076,18,0.016971,18,0.021649,18,0.017427
mod8-10_178,17,17,0.000131,17,0.017647,17,0.018196,17,0.017826,17,0.021825,17,0.035827,17,0.021152
mux_246,131352,131352,0.372169,140,1.00316,140,0.921171,142,0.95072,142,0.629008,166,0.641935,146,0.934328
one-two-three-v0_97,41,41,0.000215,33,0.013893,33,0.015153,33,0.018745,33,0.012862,33,0.021635,33,0.01953
one-two-three-v0_98,42,42,0.000147,30,0.011891,30,0.013961,30,0.018931,30,0.011864,30,0.021145,30,0.02094
one-two-three-v1_99,43,43,0.000231,27,0.013934,27,0.014669,27,0.018922,27,0.015282,27,0.020771,27,0.017793
one-two-three-v2_100,46,46,0.000159,21,0.013893,21,0.013534,21,0.012328,21,0.013538,21,0.018349,21,0.009576
one-two-three-v3_101,46,46,0.000161,30,0.012905,30,0.0142,30,0.016164,30,0.01557,26,0.01906,30,0.016094
parity_247,34,34,0.000342,34,0.261685,34,0.260217,34,0.318572,34,0.255475,34,0.323488,34,0.289776
pcler8_248,438,438,0.000632,134,0.469898,134,0.479118,132,0.408175,180,0.286786,180,0.232788,134,0.436239
peres_10,6,6,9,6,0.00365,6,0.003805,6,0.004745,6,0.006866,6,0.014974,6,0.005861
peres_8,6,6,9,6,0.003932,6,0.004033,6,0.005775,6,0.003886,6,0.007989,6,0.004218
peres_9,6,6,0.000108,6,0.005139,6,0.004105,6,0.004587,6,0.006249,6,0.010385,6,0.003899
plus127mod8192_162,26,26,0.005218,26,0.182247,26,0.181387,26,0.137989,26,0.114733,26,0.099078,26,0.136628
plus127mod8192_308,69638,69638,42.4481,759,2.74853,123,2.6468,65,1.58374,2753,13.903,2323,42.8079,65,1.55481
plus63mod4096_163,24,24,0.002141,24,0.133945,24,0.136527,24,0.097948,24,0.094735,24,0.065704,24,0.098456
plus63mod4096_309,31750,31750,5.96574,262,1.91748,262,1.98667,56,1.18959,1121,3.8049,1307,7.9424,56,1.06492
plus63mod8192_164,26,26,0.003165,26,0.172347,26,0.167637,26,0.123147,26,0.099968,26,0.087332,26,0.11951
plus63mod8192_310,69638,69638,42.5026,61,2.71335,61,2.68704,65,1.37872,2753,13.9888,2323,40.1997,65,1.50117
pm1_249,81,81,0.000335,54,0.197778,54,0.206565,54,0.214127,55,0.265263,55,0.216661,54,0.179088
radd_250,152,152,0.000891,35,0.141158,35,0.145039,51,0.128904,55,0.098163,51,0.094959,51,0.129361
rd32-v0_66,9,9,0.000102,9,0.007616,9,0.008459,9,0.007812,9,0.008146,9,0.011807,9,0.009236
rd32-v0_67,9,9,0.000112,9,0.011157,9,0.011414,9,0.010972,9,0.009377,9,0.011776,9,0.008212
rd32-v1_68,9,9,0.000112,9,0.01089,9,0.010531,9,0.010194,9,0.009133,9,0.012353,9,0.009124
rd32-v1_69,9,9,0.000111,9,0.010693,9,0.010877,9,0.009899,9,0.009741,9,0.012429,9,0.00816
rd32_270,13,13,0.000158,12,0.017042,12,0.018621,12,0.017888,12,0.017104,12,0.026904,12,0.015518
rd32_271,13,13,0.000158,12,0.017603,12,0.017648,12,0.015929,12,0.018376,12,0.026709,12,0.016132
rd32_272,13,13,0.000125,13,0.01733,13,0.017796,13,0.016874,13,0.015369,12,0.025617,13,0.01708
rd32_273,13,13,0.000223,12,0.017401,12,0.018509,12,0.01817,12,0.018576,12,0.027548,12,0.014465
rd53_130,103,103,0.000688,67,0.033211,67,0.035204,67,0.038128,67,0.035201,65,0.034811,67,0.047524
rd53_131,34,34,0.000389,21,0.041346,21,0.034428,21,0.035997,21,0.026599,21,0.028655,21,0.031668
rd53_132,34,34,0.000367,21,0.037711,21,0.039261,21,0.035405,21,0.029226,21,0.029612,21,0.034974
rd53_133,26,26,0.00025,21,0.035245,21,0.033646,21,0.03645,21,0.02948,21,0.024172,21,0.032169
rd53_134,26,26,0.000225,21,0.034292,21,0.033651,21,0.029939,21,0.031577,21,0.02771,21,0.033423
rd53_135,36,36,0.000298,25,0.037299,25,0.0359,25,0.029259,25,0.032489,30,0.022605,25,0.033244
rd53_136,36,36,0.000576,25,0.0356,25,0.032956,25,0.033589,25,0.032635,30,0.021728,25,0.031773
rd53_137,36,36,0.000261,25,0.03487,25,0.035431,25,0.034342,25,0.033024,30,0.021965,25,0.033605
rd53_138,76,76,0.000303,52,0.047384,52,0.047083,52,0.040958,52,0.028786,70,0.031681,52,0.041911
rd53_139,76,76,0.000308,52,0.061934,52,0.05466,52,0.040975,52,0.028817,70,0.026033,52,0.051666
rd53_251,28,28,0.00026,27,0.063978,27,0.060951,26,0.060076,27,0.054354,27,0.076715,26,0.073668
rd53_311,684,684,0.004888,273,0.183159,273,0.19119,338,0.156028,357,0.09948,469,0.076332,338,0.144636
rd73_140,157,157,0.000719,135,0.087421,135,0.081589,135,0.074926,150,0.057858,150,0.046145,135,0.083797
rd73_141,157,157,0.000712,135,0.11063,135,0.094359,135,0.076325,150,0.05751,150,0.044739,135,0.074731
rd73_252,43,43,0.00119,38,0.087565,38,0.083343,38,0.089374,38,0.098249,38,0.10931,38,0.095811
rd73_312,49705,49705,0.184491,2049,2.68339,2049,2.80165,1769,2.47499,1887,1.92799,3009,1.11924,1769,2.31756
rd84_142,3588,3588,0.007578,505,0.483982,505,0.524432,264,0.273888,3456,0.402438,1920,0.426232,264,0.275534
rd84_143,3588,3588,0.008912,505,0.494586,505,0.565319,264,0.281732,3456,0.415529,1920,0.411873,264,0.254795
rd84_253,56,56,0.001881,51,0.123305,51,0.141593,51,0.124396,51,0.118958,51,0.14395,51,0.119312
rd84_313,131200,131200,5.86435,4326,20.5185,4326,20.3946,5843,11.7478,161476,77.9713,5258,5.60229,5843,11.6312
root_255,164,164,0.00118,118,0.149749,118,0.146055,118,0.152944,118,0.131796,112,0.133785,118,0.180846
ryy6_256,53,53,0.00035,52,0.265133,52,0.262766,52,0.203293,53,0.135095,53,0.160298,52,0.241574
sao2_257,127,127,0.001114,109,0.202668,109,0.171726,109,0.166911,111,0.153028,108,0.14452,109,0.168154
sf_274,19,19,0.000188,17,0.016937,17,0.019129,17,0.019488,17,0.015965,14,0.022898,17,0.017057
sf_275,19,19,0.000196,17,0.015746,17,0.015705,17,0.016557,17,0.016849,14,0.024079,17,0.015882
sf_276,18,18,0.00019,17,0.015598,17,0.018694,17,0.01985,17,0.017248,14,0.022913,17,0.016848
sqn_258,105,105,0.000757,90,0.082542,90,0.088132,90,0.079413,90,0.07711,90,0.091327,90,0.0809
sqr6_259,403,403,0.001371,168,0.395322,168,0.360487,168,0.293114,209,0.22413,219,0.229249,168,0.306948
sqrt8_260,129,129,0.000558,67,0.151605,67,0.155317,84,0.164202,67,0.096488,67,0.098319,84,0.177438
squar5_261,158,158,0.000466,92,0.15676,92,0.154319,92,0.158294,92,0.12793,92,0.13728,92,0.177816
sym10_262,48,48,0.00278,48,0.130195,48,0.12641,48,0.113968,48,0.112452,48,0.138955,48,0.120541
sym6_145,28,28,0.000566,28,0.038761,28,0.043792,28,0.041348,28,0.037745,22,0.047356,28,0.03737
sym6_316,1520,1520,0.002407,109,0.405283,109,0.391803,113,0.253074,131,0.211784,337,0.164127,113,0.245227
sym9_146,229,229,0.001354,184,0.136876,184,0.149935,184,0.087297,213,0.058776,213,0.055812,184,0.097369
sym9_147,229,229,0.001314,184,0.136161,184,0.171957,184,0.082949,213,0.053732,213,0.05141,184,0.081483
sym9_148,53,53,0.0068,53,0.091819,53,0.097025,53,0.096746,53,0.095694,41,0.123241,53,0.153767
sym9_192,229,229,0.001345,184,0.163918,184,0.150425,184,0.108377,213,0.061356,213,0.066066,184,0.098279
sym9_193,41,41,0.001373,41,0.096396,41,0.10072,41,0.095915,41,0.104676,41,0.116353,41,0.100627
sym9_317,137772,137772,0.498499,535,4.52217,535,4.78091,1635,2.53639,4907,2.13437,2967,1.35534,1635,2.64336
sys6-v0_111,247,247,0.001031,129,0.086792,129,0.093475,129,0.062136,128,0.056637,217,0.047122,129,0.059992
sys6-v0_144,247,247,0.000773,129,0.086754,129,0.095521,129,0.058566,128,0.060571,217,0.047858,129,0.060156
t481_263,60,60,0.000453,55,0.295753,55,0.281341,55,0.168655,55,0.127956,55,0.084097,55,0.17362
table3_264,1581,1581,0.047533,892,2.00332,892,2.1732,865,1.9567,948,1.44332,954,1.60988,865,1.92068
tial_265,4538,4538,0.431826,1461,2.85823,979,2.53029,1729,4.37839,1086,1.70121,1764,1.79143,1729,4.45932
toffoli_1,6,6,0.000111,6,0.003866,6,0.004691,6,0.004442,6,0.004035,6,0.00799,6,0.004833
toffoli_2,6,6,8.6,6,0.003598,6,0.004187,6,0.006444,6,0.003583,6,0.007689,6,0.004406
toffoli_double_3,11,11,0.000133,10,0.009227,10,0.010144,10,0.011605,10,0.009652,9,0.014393,10,0.009164
toffoli_double_4,11,11,0.000107,10,0.008711,10,0.00932,10,0.013092,10,0.008915,9,0.013732,10,0.008886
urf1_149,649,649,1.84329,606,3.32606,606,3.19633,606,3.20634,606,3.29285,606,3.24321,606,3.21439
urf1_150,649,649,0.119585,606,0.34372,606,0.335664,608,0.35716,606,0.349277,606,0.368966,608,0.371991
urf1_151,649,649,0.126286,606,0.441508,606,0.371109,606,0.374027,606,0.380129,606,0.37012,606,0.35935
urf1_278,658,658,1.70483,632,2.53978,632,2.70094,632,2.6483,632,2.75595,631,2.64879,632,2.72949
urf2_152,325,325,0.318031,318,0.697436,318,0.71171,321,0.721639,318,0.736926,321,0.719876,321,0.726903
urf2_153,325,325,0.025156,318,0.124297,318,0.126818,318,0.126658,318,0.117402,321,0.134077,318,0.137169
urf2_154,325,325,0.026546,318,0.117096,318,0.116256,318,0.121189,318,0.115552,321,0.130461,318,0.162622
urf2_161,325,325,0.21895,318,0.520418,318,0.51195,321,0.525609,318,0.520893,321,0.507041,321,0.488704
urf2_277,341,341,0.312591,322,0.602416,322,0.593339,322,0.650519,322,0.602999,321,0.624571,322,0.625026
urf3_155,1113,1113,8.70844,1028,14.5719,1028,14.6046,1048,14.6308,1048,14.6121,1075,14.3051,1048,15.0307
urf3_156,1113,1113,0.368926,1041,1.01002,1041,1.04183,1015,1.03931,1041,0.910958,1035,0.942301,1015,1.10037
urf3_157,1113,1113,0.377655,1041,1.08098,1041,1.04274,1015,1.05334,1041,0.928892,1035,0.920826,1015,1.0653
urf3_279,1209,1209,7.86588,1007,11.9181,1007,12.0516,1017,12.1062,1081,10.9662,1077,10.9845,1017,12.0128
urf4_187,1770,1770,9.67258,1757,18.5712,1757,17.8216,1743,16.4914,1752,14.9867,1751,16.2429,1743,16.6535
urf5_158,394,394,1.38914,244,2.45105,244,2.48902,240,2.44085,240,2.41877,296,2.44874,240,2.50087
urf5_159,394,394,0.016657,244,0.106353,244,0.10516,244,0.117541,240,0.106413,296,0.090417,244,0.119726
urf5_280,402,402,0.967437,274,1.56808,274,1.56521,274,1.65024,359,1.62355,325,1.55809,274,1.57919
urf6_160,2371,2371,22.3944,2316,29.3927,2316,29.16,2309,32.238,2303,36.0239,2297,33.7303,2309,31.7587
urf6_281,2377,2377,7.89959,2290,10.2877,2290,9.8119,2297,11.1208,2322,10.6387,2288,10.5113,2297,10.5389
wim_266,62,62,0.000246,46,0.101029,46,0.100934,46,0.141635,46,0.106454,46,0.102191,46,0.110056
x2_267,159,159,0.00104,101,0.255394,101,0.262539,101,0.261889,118,0.206679,118,0.230624,101,0.257035
xor5_254,12,12,0.000118,12,0.026543,12,0.029091,12,0.027331,12,0.026109,12,0.034768,12,0.02467
z4_268,83,83,0.000758,54,0.105306,54,0.105141,55,0.096048,54,0.092325,47,0.117959,55,0.100323
z4ml_269,83,83,0.000634,54,0.103532,54,0.115653,55,0.109015,54,0.09695,47,0.117777,55,0.123312
