circuit,initial_size,none_size,none_time,sifting_size,sifting_time,group_size,group_time,iggroup_size,iggroup_time
0410184_169,39,39,0.388933,33,0.197047,33,0.175897,33,0.090209
0410184_170,39,39,0.35639,34,0.204426,36,0.153951,34,0.090413
3_17_13,10,10,0.003907,10,0.004249,10,0.003514,10,0.004341
3_17_14,10,10,0.005213,10,0.004693,10,0.003064,10,0.00398
3_17_15,10,10,0.003164,10,0.004523,10,0.004857,10,0.00429
4_49_16,21,21,0.015079,20,0.00978,20,0.008484,20,0.009488
4_49_17,21,21,0.018473,20,0.011232,20,0.009093,20,0.009983
4gt10-v1_81,33,33,0.03185,24,0.016853,24,0.012679,24,0.012686
4gt11-v1_85,22,22,0.030226,12,0.015064,12,0.015047,12,0.014639
4gt11_82,18,18,0.015776,18,0.018423,18,0.012796,18,0.010934
4gt11_83,26,26,0.028472,22,0.014675,22,0.012256,22,0.017502
4gt11_84,22,22,0.030497,12,0.014664,12,0.017131,12,0.012939
4gt12-v0_86,22,22,0.016508,22,0.017129,22,0.017497,22,0.016357
4gt12-v0_87,30,30,0.030441,23,0.015138,23,0.01056,23,0.018603
4gt12-v0_88,36,36,0.029839,15,0.016211,15,0.01374,15,0.014132
4gt12-v1_89,24,24,0.040759,16,0.022238,16,0.015049,16,0.016345
4gt13-v1_93,26,26,0.028336,14,0.016765,14,0.013495,14,0.016237
4gt13_90,20,20,0.030773,19,0.017052,19,0.015732,19,0.015908
4gt13_91,28,28,0.031655,21,0.015545,21,0.014069,21,0.015537
4gt13_92,26,26,0.030259,14,0.01763,14,0.012876,14,0.018313
4gt4-v0_72,30,30,0.03209,23,0.014211,23,0.010864,23,0.014889
4gt4-v0_73,22,22,0.015942,22,0.015113,22,0.012971,22,0.013045
4gt4-v0_78,22,22,0.017929,22,0.018713,22,0.01223,22,0.012533
4gt4-v0_79,30,30,0.026442,23,0.016217,23,0.014392,23,0.017548
4gt4-v0_80,32,32,0.032538,17,0.014429,17,0.011286,17,0.015986
4gt4-v1_74,29,29,0.044278,26,0.015858,26,0.013512,26,0.018552
4gt5_75,42,42,0.028686,21,0.01559,21,0.014946,21,0.013871
4gt5_76,20,20,0.034477,19,0.014782,19,0.012009,19,0.016967
4gt5_77,27,27,0.030415,16,0.014885,16,0.016303,16,0.015187
4mod5-bdd_287,74,74,0.121677,25,0.057622,21,0.032357,21,0.030761
4mod5-v0_18,20,20,0.032137,18,0.017014,18,0.014891,18,0.020748
4mod5-v0_19,19,19,0.027603,14,0.014125,14,0.017442,14,0.016199
4mod5-v0_20,22,22,0.037046,12,0.01532,12,0.01495,12,0.016897
4mod5-v0_21,20,20,0.037626,18,0.01296,18,0.016989,18,0.020907
4mod5-v1_22,16,16,0.033703,12,0.015775,12,0.013155,12,0.014719
4mod5-v1_23,19,19,0.036086,14,0.018693,14,0.011153,14,0.01739
4mod5-v1_24,28,28,0.034394,23,0.014892,23,0.016433,23,0.017678
4mod5-v1_25,16,16,0.03508,12,0.01715,12,0.013182,12,0.011067
4mod7-v0_94,29,29,0.036871,20,0.020019,20,0.025059,20,0.018167
4mod7-v0_95,29,29,0.030444,20,0.016211,20,0.01349,20,0.016383
4mod7-v1_96,29,29,0.03028,20,0.016112,20,0.013861,20,0.014433
5xp1_194,720,720,1.07654,138,0.321746,138,0.271681,204,0.289661
9symml_195,41,41,0.085564,41,0.090338,41,0.092464,41,0.104906
C17_204,25,25,0.0735,20,0.042105,20,0.03491,20,0.043062
C7552_205,184,184,1.36686,96,0.429999,96,0.422147,107,0.495106
add16_174,174,174,4.98362,143,2.64165,143,2.32671,143,0.969464
add16_175,174,174,5.21393,143,2.6563,8413,4.62882,143,1.07942
add32_183,350,350,21.6922,287,11.1176,287,9.77309,287,4.4167
add32_185,350,350,21.3604,287,11.3606,TIMEOUT,>3600,287,5.01955
add6_196,758,758,1.00773,53,0.708287,95,0.560685,95,0.513567
add8_172,86,86,1.31816,71,0.604984,71,0.651572,71,0.203451
adr4_197,175,175,0.556736,43,0.181038,91,0.124116,43,0.111588
aj-e11_165,18,18,0.008858,18,0.009814,18,0.009102,18,0.009413
aj-e11_168,18,18,0.008763,18,0.008881,18,0.007662,18,0.009046
alu-bdd_288,34,34,0.067057,31,0.035494,31,0.032481,31,0.029905
alu-v0_26,23,23,0.030094,17,0.015304,17,0.014063,17,0.014581
alu-v0_27,30,30,0.027926,22,0.014597,22,0.011757,22,0.013084
alu-v1_28,26,26,0.027632,24,0.016387,24,0.015173,24,0.014439
alu-v1_29,24,24,0.030502,22,0.019978,22,0.015592,22,0.011907
alu-v2_30,29,29,0.019275,29,0.015525,29,0.015196,29,0.017842
alu-v2_31,18,18,0.015009,18,0.016168,18,0.014237,18,0.015943
alu-v2_32,22,22,0.017165,22,0.015957,22,0.014043,22,0.017132
alu-v2_33,26,26,0.026413,22,0.017772,22,0.014762,22,0.014811
alu-v3_34,32,32,0.026262,23,0.012211,23,0.009575,23,0.013124
alu-v3_35,32,32,0.029018,24,0.011472,24,0.014366,26,0.01589
alu-v4_36,32,32,0.02737,26,0.015644,26,0.015208,26,0.016781
alu-v4_37,34,34,0.030321,26,0.014073,26,0.014168,26,0.015048
alu1_198,1616,1616,1.9169,504,0.925564,258,0.632521,258,0.648437
alu2_199,507,507,0.840721,287,0.260552,287,0.240983,425,0.269123
alu3_200,512,512,1.10592,264,0.397574,264,0.311489,235,0.247411
alu4_201,3212,3212,2.26875,932,3.74837,1085,2.25843,1317,2.10644
apex4_202,2775,2775,5.60662,2093,8.31407,2321,7.37219,2291,7.02936
apla_203,397,397,1.92131,293,0.491765,293,0.49002,298,0.371433
arb8_323,3097,3097,3.56617,99,1.44321,101,0.941606,114,0.880355
c2_181,150,150,3.49596,136,1.81684,136,1.71303,136,0.931973
c2_182,512,512,6.25476,354,2.31476,356,1.61974,354,0.795196
clip_206,264,264,0.783232,182,0.264337,182,0.255871,137,0.248751
cm150a_210,131352,131352,4.35627,146,1.84976,146,0.853249,147,0.630756
cm151a_211,4096,4096,5.54812,254,1.60678,225,1.94734,180,2.05674
cm152a_212,534,534,0.223825,51,0.118092,56,0.077708,51,0.112577
cm163a_213,1075,1075,2.29039,192,1.92688,188,1.16211,199,1.22485
cm42a_207,81,81,0.384274,54,0.170074,58,0.162657,54,0.205229
cm82a_208,31,31,0.090752,21,0.046022,21,0.044579,21,0.042913
cm85a_209,102,102,0.677079,92,0.176147,66,0.124024,66,0.133585
cmb_214,69,69,0.734532,60,0.36519,60,0.188049,60,0.264584
cnt3-5_179,48,48,0.239375,48,0.239854,48,0.207036,48,0.123453
cnt3-5_180,48,48,0.259737,48,0.254531,48,0.231069,48,0.099382
co14_215,42,42,0.256922,42,0.224753,42,0.135052,42,0.229086
con1_216,37,37,0.124752,35,0.066263,35,0.060991,35,0.058138
cordic_218,114,114,1.27099,162,3.97349,125,1.76676,125,1.88036
cu_219,317,317,1.84512,162,0.582308,170,0.442834,209,0.514324
cycle10_293,397810,397810,411.797,768,14.3105,6304,37.0215,23896,27.1695
cycle10_2_110,67,67,1.02979,49,0.119744,49,0.144526,49,0.092095
cycle17_3_112,236,236,3.90393,63,0.367703,63,0.371731,63,0.27392
dc1_220,64,64,0.21854,54,0.095893,54,0.091409,55,0.092348
dc1_221,64,64,0.20989,54,0.102196,54,0.093912,55,0.092796
dc2_222,338,338,0.593079,108,0.197546,108,0.163076,104,0.14823
decod24-bdd_294,17,17,0.051091,15,0.032671,15,0.030902,15,0.029986
decod24-enable_124,56,56,0.046158,34,0.021923,34,0.02152,34,0.021391
decod24-enable_125,56,56,0.046262,34,0.021614,34,0.021977,34,0.022887
decod24-enable_126,56,56,0.043246,34,0.023227,34,0.021988,34,0.022803
decod24-v0_38,16,16,0.016916,13,0.007512,13,0.007725,13,0.011823
decod24-v0_39,16,16,0.017256,13,0.011134,13,0.009715,13,0.011315
decod24-v0_40,22,22,0.017987,18,0.011701,18,0.009912,18,0.007293
decod24-v1_41,13,13,0.007518,13,0.008619,13,0.010051,13,0.011833
decod24-v1_42,22,22,0.018645,18,0.012459,18,0.011053,18,0.01122
decod24-v2_43,16,16,0.01411,13,0.007098,13,0.006662,13,0.011556
decod24-v2_44,22,22,0.01837,18,0.012393,18,0.011095,18,0.010487
decod24-v3_45,16,16,0.010479,16,0.011311,16,0.005275,16,0.00837
decod24-v3_46,22,22,0.016844,18,0.009626,18,0.00959,18,0.01202
decod_217,184,184,1.26585,96,0.415824,96,0.387846,107,0.425939
dist_223,204,204,0.568838,187,0.155536,187,0.160154,187,0.143787
dk17_224,362,362,1.7519,228,0.458278,232,0.485124,236,0.399404
dk27_225,352,352,1.15559,80,0.29182,80,0.268432,95,0.279279
ex-1_166,9,9,0.005511,9,0.005554,9,0.002149,9,0.006149
ex1010_230,1468,1468,1.63834,1443,1.54472,1443,1.26917,1444,1.24835
ex1_226,12,12,0.026287,12,0.028989,12,0.021685,12,0.028848
ex2_227,21,21,0.046424,18,0.030262,18,0.030237,18,0.029347
ex3_228,21,21,0.046159,18,0.026494,18,0.021336,18,0.024252
ex3_229,19,19,0.049194,18,0.023118,18,0.021299,18,0.026738
example2_231,507,507,0.750169,287,0.252377,287,0.239369,425,0.190939
f2_232,40,40,0.135385,30,0.044247,30,0.047742,30,0.053208
f51m_233,5103,5103,4.32099,1092,2.27442,1149,1.68066,1205,1.60581
fredkin_5,9,9,0.003845,9,0.005643,9,0.003072,9,0.004019
fredkin_6,9,9,0.003061,9,0.004276,9,0.002328,9,0.004031
fredkin_7,9,9,0.003777,9,0.00447,9,0.002174,9,0.003735
frg1_234,1286,1286,4.8001,536,2.31195,500,1.57995,505,1.32083
graycode6_47,12,12,0.024445,12,0.02212,12,0.02134,12,0.019164
graycode6_48,12,12,0.022752,12,0.022989,12,0.022424,12,0.019172
ham15_107,4522,4522,1.53727,3238,1.52826,1974,0.874842,2390,0.776902
ham15_108,4522,4522,1.45145,1170,1.88767,1366,0.676829,1366,0.587501
ham15_109,4522,4522,1.38722,1986,0.892965,2454,0.929173,2690,0.739347
ham3_102,10,10,0.004096,10,0.004232,10,0.003138,10,0.003797
ham7_104,130,130,0.071437,126,0.039795,126,0.035725,126,0.033402
ham7_105,130,130,0.075177,126,0.037812,126,0.036159,126,0.034109
ham7_106,130,130,0.069592,126,0.0369,126,0.033919,126,0.035108
ham7_299,9290,9290,6.06162,528,2.2154,552,1.62786,562,1.28899
hwb4_49,22,22,0.020031,20,0.011001,20,0.00955,20,0.010076
hwb4_50,22,22,0.021453,20,0.012148,20,0.009282,20,0.012649
hwb4_52,22,22,0.03231,20,0.015185,20,0.012265,20,0.01456
hwb5_300,291185,291185,115.351,7986,22.8074,11390,14.0778,12070,10.5906
hwb5_53,47,47,0.028226,38,0.018902,38,0.012643,38,0.020247
hwb5_55,47,47,0.029958,38,0.013418,38,0.012735,38,0.018028
hwb6_56,87,87,0.046158,80,0.032177,80,0.027502,80,0.037793
hwb6_58,87,87,0.054601,80,0.030369,80,0.025002,80,0.03108
hwb7_59,179,179,0.070344,155,0.05347,155,0.063304,155,0.068241
hwb7_61,179,179,0.066651,155,0.054624,155,0.044861,155,0.053177
hwb7_62,179,179,0.07061,155,0.077903,155,0.062455,155,0.068877
hwb8_113,343,343,0.131892,280,0.130986,280,0.142848,280,0.142902
hwb8_114,343,343,0.162135,280,0.164699,280,0.142683,280,0.138749
hwb8_115,343,343,0.185845,280,0.158766,280,0.142601,280,0.159572
hwb8_116,343,343,0.141708,280,0.163746,280,0.149737,280,0.151645
hwb8_117,343,343,0.140909,280,0.154268,280,0.149925,280,0.145863
hwb8_118,343,343,0.146008,280,0.165597,280,0.154288,280,0.151677
hwb9_119,683,683,0.302418,526,0.406332,526,0.424783,526,0.444904
hwb9_120,683,683,0.406245,526,0.445711,526,0.467141,526,0.507292
hwb9_121,683,683,0.323157,526,0.552093,526,0.523041,526,0.437896
hwb9_122,683,683,0.286357,526,0.426582,526,0.417865,526,0.436174
hwb9_123,683,683,0.381454,526,0.580486,526,0.552807,526,0.552433
in0_235,1183,1183,9.38051,663,2.66631,659,1.81976,667,1.86389
in2_236,7525,7525,5.56416,806,2.2246,745,1.58024,704,1.42648
inc_237,183,183,0.682728,143,0.225868,143,0.213002,157,0.21061
life_238,49,49,0.077675,49,0.085308,49,0.082755,49,0.080186
majority_239,15,15,0.05747,14,0.027202,14,0.017173,14,0.028548
max46_240,83,83,0.094829,83,0.09521,83,0.087676,83,0.07623
miller_11,11,11,0.003952,11,0.006184,11,0.003192,11,0.005139
miller_12,11,11,0.003169,11,0.003999,11,0.00277,11,0.0041
mini-alu_167,18,18,0.016074,17,0.011179,17,0.007793,17,0.012543
mini_alu_305,375,375,0.271646,81,0.085466,81,0.08565,92,0.078702
misex1_241,103,103,0.639024,84,0.207755,84,0.192636,88,0.183094
misex3_242,7719,7719,4.36062,544,3.56967,804,2.97057,769,3.00433
misex3c_243,7719,7719,4.40249,540,5.24319,842,4.24593,710,3.65562
misex3c_244,7719,7719,4.29488,540,5.35519,842,4.14236,710,3.71711
mlp4_245,526,526,1.39631,358,0.281221,358,0.260202,361,0.206542
mod10_171,16,16,0.017574,15,0.008416,15,0.006661,15,0.010981
mod10_176,14,14,0.011735,14,0.010226,14,0.008522,14,0.009694
mod5adder_127,51,51,0.064976,48,0.025047,48,0.023035,44,0.023152
mod5adder_128,51,51,0.066163,48,0.02459,43,0.021212,44,0.021441
mod5adder_129,51,51,0.090361,48,0.023305,48,0.022343,44,0.022452
mod5adder_306,407721,407721,283.993,12062,33.9559,13186,18.6123,20611,18.3108
mod5d1_63,19,19,0.029622,14,0.015878,14,0.015472,14,0.017212
mod5d2_64,16,16,0.019907,16,0.02531,16,0.01847,16,0.015905
mod5d2_70,16,16,0.015325,16,0.016126,16,0.015032,16,0.016215
mod5mils_65,19,19,0.028939,14,0.013712,14,0.011491,14,0.016965
mod5mils_71,19,19,0.026858,14,0.014346,14,0.012411,14,0.013545
mod8-10_177,20,20,0.030651,18,0.015292,18,0.012972,18,0.015554
mod8-10_178,17,17,0.015345,17,0.017591,17,0.012427,17,0.016126
mux_246,131352,131352,2.71936,140,0.944919,152,0.77967,142,0.725788
one-two-three-v0_97,41,41,0.038719,33,0.013647,33,0.010508,33,0.01507
one-two-three-v0_98,42,42,0.024937,30,0.01343,30,0.010875,30,0.019088
one-two-three-v1_99,43,43,0.024646,27,0.011131,27,0.009874,27,0.0164
one-two-three-v2_100,46,46,0.029966,21,0.014982,21,0.012192,21,0.010626
one-two-three-v3_101,46,46,0.028539,30,0.014106,30,0.011338,30,0.017761
parity_247,34,34,0.254555,34,0.259315,34,0.142589,34,0.263251
pcler8_248,438,438,1.21744,134,0.416663,237,0.306662,160,0.330627
peres_10,6,6,0.004039,6,0.003715,6,0.003462,6,0.003888
peres_8,6,6,0.003411,6,0.003851,6,0.002756,6,0.004508
peres_9,6,6,0.005412,6,0.003768,6,0.004047,6,0.003768
plus127mod8192_162,26,26,0.185629,26,0.202469,26,0.189835,26,0.142346
plus127mod8192_308,69638,69638,20.0994,759,2.60822,65,1.76008,65,1.30566
plus63mod4096_163,24,24,0.143636,24,0.131339,24,0.12579,24,0.093381
plus63mod4096_309,31750,31750,5.55139,262,1.82655,60,1.11983,56,0.864799
plus63mod8192_164,26,26,0.139416,26,0.168836,26,0.160559,26,0.134695
plus63mod8192_310,69638,69638,20.1946,61,2.52817,65,1.5396,65,1.31056
pm1_249,81,81,0.375718,54,0.183687,58,0.171252,54,0.19128
radd_250,152,152,0.303753,35,0.151127,35,0.136003,51,0.116171
rd32-v0_66,9,9,0.009423,9,0.009525,9,0.005867,9,0.00783
rd32-v0_67,9,9,0.009516,9,0.010811,9,0.007637,9,0.008467
rd32-v1_68,9,9,0.007913,9,0.010105,9,0.008677,9,0.010311
rd32-v1_69,9,9,0.007554,9,0.008814,9,0.006263,9,0.009049
rd32_270,13,13,0.032491,12,0.020817,12,0.012153,12,0.017958
rd32_271,13,13,0.029799,12,0.015828,12,0.008463,12,0.014028
rd32_272,13,13,0.014465,13,0.016225,13,0.013862,13,0.016766
rd32_273,13,13,0.030895,12,0.016822,12,0.007603,12,0.017075
rd53_130,103,103,0.074738,67,0.033525,67,0.031527,67,0.033891
rd53_131,34,34,0.065912,21,0.036113,21,0.033279,21,0.038424
rd53_132,34,34,0.064954,21,0.03452,21,0.032362,21,0.03269
rd53_133,26,26,0.066673,21,0.03735,21,0.031712,21,0.031392
rd53_134,26,26,0.070445,21,0.035173,21,0.03324,21,0.038074
rd53_135,36,36,0.069899,25,0.036616,25,0.027133,25,0.030913
rd53_136,36,36,0.070097,25,0.03545,25,0.032109,25,0.033145
rd53_137,36,36,0.068486,25,0.04141,25,0.032556,25,0.033986
rd53_138,76,76,0.104442,52,0.051667,52,0.050949,52,0.032964
rd53_139,76,76,0.111987,52,0.052567,52,0.047795,52,0.031133
rd53_251,28,28,0.095296,27,0.050675,27,0.041502,26,0.04758
rd53_311,684,684,0.457221,273,0.160788,273,0.139273,338,0.108968
rd73_140,157,157,0.17387,135,0.087835,135,0.085129,135,0.070197
rd73_141,157,157,0.176739,135,0.087825,135,0.07639,135,0.069733
rd73_252,43,43,0.295211,38,0.084825,38,0.085388,38,0.089829
rd73_312,49705,49705,16.9401,2049,2.85948,2633,2.71464,2233,2.06652
rd84_142,3588,3588,0.471696,505,0.449877,505,0.325556,505,0.223689
rd84_143,3588,3588,0.509313,505,0.455039,505,0.320749,505,0.216755
rd84_253,56,56,0.356152,51,0.117686,51,0.113771,51,0.113448
rd84_313,131200,131200,173.96,4326,20.3305,5707,10.8329,5354,9.74146
root_255,164,164,0.481029,118,0.186316,118,0.131686,118,0.117266
ryy6_256,53,53,0.527277,52,0.260637,52,0.20187,52,0.183365
sao2_257,127,127,0.515292,109,0.173578,109,0.164948,109,0.150592
sf_274,19,19,0.032341,17,0.016363,17,0.014067,17,0.018866
sf_275,19,19,0.027552,17,0.016494,17,0.013701,17,0.016722
sf_276,18,18,0.027366,17,0.015353,17,0.014692,17,0.018092
sqn_258,105,105,0.156949,90,0.093006,90,0.094624,90,0.067886
sqr6_259,403,403,0.955278,168,0.325129,168,0.31656,168,0.247678
sqrt8_260,129,129,0.379297,67,0.137054,67,0.143614,84,0.138119
squar5_261,158,158,0.307318,92,0.158045,92,0.150729,92,0.108755
sym10_262,48,48,0.102273,48,0.105656,48,0.098743,48,0.110655
sym6_145,28,28,0.033873,28,0.044904,28,0.0261,28,0.042081
sym6_316,1520,1520,0.547052,109,0.383673,109,0.279142,113,0.226334
sym9_146,229,229,0.28127,184,0.126748,184,0.114413,184,0.057923
sym9_147,229,229,0.247007,184,0.130033,184,0.119366,184,0.058078
sym9_148,53,53,0.077655,53,0.100269,53,0.065656,53,0.100459
sym9_192,229,229,0.260741,184,0.146196,184,0.136841,184,0.05993
sym9_193,41,41,0.088683,41,0.089899,41,0.09046,41,0.122902
sym9_317,137772,137772,61.8401,535,4.76386,579,2.77872,567,2.10787
sys6-v0_111,247,247,0.325276,129,0.08441,129,0.076815,129,0.062578
sys6-v0_144,247,247,0.321454,129,0.079906,129,0.075614,129,0.054898
t481_263,60,60,0.51139,55,0.264552,55,0.168224,55,0.189279
table3_264,1581,1581,5.22587,892,2.26706,943,1.64451,928,1.3776
tial_265,4538,4538,2.47493,1461,2.95271,1450,1.89472,1169,1.70861
toffoli_1,6,6,0.003062,6,0.003967,6,0.005438,6,0.003948
toffoli_2,6,6,0.00552,6,0.00366,6,0.002486,6,0.003948
toffoli_double_3,11,11,0.014258,10,0.007089,10,0.005637,10,0.009319
toffoli_double_4,11,11,0.013299,10,0.006977,10,0.008377,10,0.01122
urf1_149,649,649,0.155024,606,3.10186,606,3.10876,606,3.20349
urf1_150,649,649,0.15034,606,0.338238,606,0.328963,608,0.34328
urf1_151,649,649,0.148511,606,0.335695,606,0.332155,606,0.327016
urf1_278,658,658,0.167832,632,2.54675,632,2.461,632,2.41432
urf2_152,325,325,0.118378,318,0.712193,318,0.720345,321,0.765
urf2_153,325,325,0.114044,318,0.119289,318,0.1158,318,0.118613
urf2_154,325,325,0.120617,318,0.120466,318,0.113379,318,0.118321
urf2_161,325,325,0.113512,318,0.48771,318,0.464613,321,0.465783
urf2_277,341,341,0.113804,322,0.562553,322,0.580055,322,0.613756
urf3_155,1113,1113,0.344802,1028,13.8217,1031,13.8779,1012,13.6194
urf3_156,1113,1113,0.362969,1041,1.00132,1030,0.927348,991,0.992189
urf3_157,1113,1113,0.429855,1041,1.08457,1030,0.955474,991,0.939094
urf3_279,1209,1209,0.351025,1007,11.5811,1007,11.5678,1018,11.302
urf4_187,1770,1770,0.358959,1757,17.0309,1743,15.8528,1730,15.9955
urf5_158,394,394,0.197899,244,2.32368,244,2.47347,240,2.34802
urf5_159,394,394,0.194577,244,0.107754,244,0.102309,240,0.117115
urf5_280,402,402,0.195775,274,1.52959,274,1.50229,359,1.54061
urf6_160,2371,2371,2.31369,2316,27.6559,2335,30.6885,2350,30.8724
urf6_281,2377,2377,3.12383,2290,9.44217,2337,10.8847,2337,10.4994
wim_266,62,62,0.201469,46,0.099731,46,0.074507,46,0.106099
x2_267,159,159,0.730772,101,0.239804,101,0.243943,101,0.216491
xor5_254,12,12,0.022919,12,0.024728,12,0.020965,12,0.026058
z4_268,83,83,0.339826,54,0.104041,54,0.091449,55,0.104251
z4ml_269,83,83,0.294361,54,0.107449,54,0.096008,55,0.095041
