circuit,qubits,gates,initial_size,iggroup_size,iggroup_time
0410184_169,14,46,39,34,0.060517
0410184_170,14,41,39,49,0.094225
3_17_13,3,6,10,10,0.003313
3_17_14,3,6,10,10,0.002441
3_17_15,3,4,10,10,0.004055
4_49_16,4,16,21,20,0.007096
4_49_17,4,12,21,20,0.011146
4gt10-v1_81,5,6,33,24,0.00996
4gt11-v1_85,5,4,22,12,0.016532
4gt11_82,5,12,18,18,0.01515
4gt11_83,5,8,26,22,0.052717
4gt11_84,5,3,22,12,0.022702
4gt12-v0_86,5,14,22,22,0.023411
4gt12-v0_87,5,10,30,23,0.014198
4gt12-v0_88,5,5,36,15,0.012973
4gt12-v1_89,5,5,24,16,0.020128
4gt13-v1_93,5,4,26,14,0.012475
4gt13_90,5,14,20,19,0.014997
4gt13_91,5,10,28,21,0.017925
4gt13_92,5,3,26,14,0.015349
4gt4-v0_72,5,6,30,23,0.0153
4gt4-v0_73,5,17,22,22,0.020877
4gt4-v0_78,5,13,22,22,0.023341
4gt4-v0_79,5,9,30,23,0.025632
4gt4-v0_80,5,5,32,17,0.02817
4gt4-v1_74,5,5,29,26,0.030075
4gt5_75,5,5,42,21,0.020435
4gt5_76,5,13,20,19,0.027253
4gt5_77,5,4,27,16,0.02052
4mod5-bdd_287,7,8,74,25,0.044997
4mod5-v0_18,5,9,20,18,0.03657
4mod5-v0_19,5,5,19,14,0.020194
4mod5-v0_20,5,5,22,12,0.027275
4mod5-v0_21,5,3,20,18,0.033382
4mod5-v1_22,5,5,16,12,0.027039
4mod5-v1_23,5,8,19,14,0.017852
4mod5-v1_24,5,5,28,23,0.024002
4mod5-v1_25,5,3,16,12,0.023349
4mod7-v0_94,5,6,29,20,0.022191
4mod7-v0_95,5,6,29,20,0.021554
4mod7-v1_96,5,7,29,20,0.023962
5xp1_194,17,85,720,204,0.449063
9symml_195,10,129,41,41,0.170796
C17_204,7,9,25,20,0.065088
C7552_205,21,80,184,107,0.41385
add16_174,49,64,174,143,1.24781
add16_175,49,32,174,835,1.12262
add32_183,97,128,350,287,6.37697
add32_185,97,64,350,244585,17.0854
add6_196,19,229,758,95,0.79436
add8_172,25,32,86,71,0.258437
adr4_197,13,55,175,94,0.132445
aj-e11_165,4,13,18,18,0.014494
aj-e11_168,4,10,18,18,0.018523
alu-bdd_288,7,9,34,31,0.062245
alu-v0_26,5,6,23,17,0.023072
alu-v0_27,5,6,30,22,0.022669
alu-v1_28,5,7,26,24,0.025629
alu-v1_29,5,7,24,22,0.03265
alu-v2_30,5,18,29,29,0.033023
alu-v2_31,5,13,18,18,0.018501
alu-v2_32,5,7,22,22,0.023798
alu-v2_33,5,7,26,22,0.023967
alu-v3_34,5,7,32,23,0.026485
alu-v3_35,5,7,32,26,0.029659
alu-v4_36,5,7,32,26,0.013997
alu-v4_37,5,7,34,26,0.016623
alu1_198,20,32,1616,258,1.01898
alu2_199,16,157,507,425,0.192696
alu3_200,18,94,512,235,0.367952
alu4_201,22,1063,3212,1846,3.70824
apex4_202,28,5376,2775,2213,7.4068
apla_203,22,80,397,298,0.330927
arb8_323,24,24,3097,111,1.70465
c2_181,35,116,150,136,0.893834
c2_182,35,136,512,639,0.612512
clip_206,14,174,264,155,0.167218
cm150a_210,22,53,131352,161,0.581864
cm151a_211,28,33,4096,211,0.973292
cm152a_212,12,16,534,53,0.144328
cm163a_213,29,39,1075,237,0.697589
cm42a_207,14,35,81,58,0.183891
cm82a_208,8,22,31,21,0.037875
cm85a_209,14,69,102,66,0.103078
cmb_214,20,18,69,62,0.215958
cnt3-5_179,16,25,48,48,0.099597
cnt3-5_180,16,20,48,48,0.101906
co14_215,15,30,42,42,0.268806
con1_216,9,21,37,35,0.064117
cordic_218,25,2533,114,141,1.44089
cu_219,25,40,317,158,0.407634
cycle10_2_110,12,19,67,49,0.100593
cycle17_3_112,20,48,236,94,0.333803
dc1_220,11,39,64,55,0.098208
dc1_221,11,39,64,55,0.107857
dc2_222,15,75,338,104,0.184168
decod24-bdd_294,6,11,17,15,0.0406
decod24-enable_124,6,3,56,34,0.031139
decod24-enable_125,6,9,56,34,0.022213
decod24-enable_126,6,14,56,34,0.027579
decod24-v0_38,4,6,16,13,0.012858
decod24-v0_39,4,4,16,13,0.014852
decod24-v0_40,4,6,22,18,0.011866
decod24-v1_41,4,6,13,13,0.012887
decod24-v1_42,4,6,22,18,0.012758
decod24-v2_43,4,6,16,13,0.014041
decod24-v2_44,4,6,22,18,0.013822
decod24-v3_45,4,7,16,16,0.011897
decod24-v3_46,4,6,22,18,0.011634
decod_217,21,80,184,107,0.618717
dist_223,13,185,204,187,0.224489
dk17_224,21,49,362,235,0.681227
dk27_225,18,24,352,129,0.216333
ex-1_166,3,4,9,9,0.002405
ex1010_230,20,2611,1468,1444,1.15869
ex1_226,6,7,12,12,0.028817
ex2_227,6,13,21,18,0.04609
ex3_228,6,13,21,18,0.038187
ex3_229,6,7,19,18,0.046416
example2_231,16,157,507,425,0.364613
f2_232,8,19,40,30,0.088878
f51m_233,22,663,5103,1205,1.19725
fredkin_5,3,4,9,9,0.004527
fredkin_6,3,3,9,9,0.002932
fredkin_7,3,1,9,9,0.002393
frg1_234,31,212,1286,540,1.115
graycode6_47,6,5,12,12,0.037601
graycode6_48,6,5,12,12,0.049014
ham15_107,15,132,4522,2390,0.68926
ham15_108,15,70,4522,2390,0.637623
ham15_109,15,109,4522,2690,0.620877
ham3_102,3,5,10,10,0.004596
ham7_104,7,23,130,126,0.035951
ham7_105,7,21,130,126,0.035197
ham7_106,7,25,130,126,0.032174
ham7_299,21,61,9290,562,1.10411
hwb4_49,4,17,22,20,0.010452
hwb4_50,4,15,22,20,0.008162
hwb4_52,4,11,22,20,0.008981
hwb5_300,28,88,291185,12070,10.7272
hwb5_53,5,55,47,38,0.019441
hwb5_55,5,24,47,38,0.02124
hwb6_56,6,126,87,80,0.044987
hwb6_58,6,42,87,80,0.025777
hwb7_59,7,289,179,155,0.051962
hwb7_61,7,236,179,155,0.058924
hwb7_62,7,331,179,155,0.054172
hwb8_113,8,637,343,280,0.112229
hwb8_114,8,614,343,280,0.106116
hwb8_115,8,606,343,280,0.110942
hwb8_116,8,749,343,280,0.15534
hwb8_117,8,747,343,280,0.124629
hwb8_118,8,629,343,280,0.113399
hwb9_119,9,1544,683,526,0.361448
hwb9_120,9,1532,683,526,0.372787
hwb9_121,9,1541,683,526,0.425126
hwb9_122,9,1529,683,526,0.416183
hwb9_123,9,1959,683,526,0.51528
in0_235,26,338,1183,667,1.55147
in2_236,29,405,7525,704,1.39518
inc_237,16,93,183,157,0.203979
life_238,10,107,49,49,0.076628
majority_239,6,8,15,14,0.026862
max46_240,10,107,83,83,0.075154
miller_11,3,5,11,11,0.004561
miller_12,3,5,11,11,0.005463
mini-alu_167,4,6,18,17,0.010799
mini_alu_305,10,20,375,92,0.054674
misex1_241,15,55,103,88,0.160762
misex3_242,28,1752,7719,769,2.67806
misex3c_243,28,1721,7719,710,3.64627
misex3c_244,28,1721,7719,710,3.48159
mlp4_245,16,131,526,361,0.19565
mod10_171,4,10,16,15,0.00951
mod10_176,4,7,14,14,0.009003
mod5adder_127,6,21,51,44,0.021743
mod5adder_128,6,15,51,44,0.020454
mod5adder_129,6,17,51,44,0.02167
mod5adder_306,32,96,407721,20611,15.0029
mod5d1_63,5,7,19,14,0.014204
mod5d2_64,5,8,16,16,0.017755
mod5d2_70,5,8,16,16,0.019593
mod5mils_65,5,5,19,14,0.013509
mod5mils_71,5,5,19,14,0.013141
mod8-10_177,5,14,20,18,0.017545
mod8-10_178,5,9,17,17,0.015715
mux_246,22,35,131352,142,0.788114
one-two-three-v0_97,5,11,41,33,0.016144
one-two-three-v0_98,5,8,42,30,0.019534
one-two-three-v1_99,5,8,43,27,0.015995
one-two-three-v2_100,5,8,46,21,0.010713
one-two-three-v3_101,5,8,46,30,0.014366
parity_247,17,32,34,34,0.25682
pcler8_248,21,22,438,160,0.296137
peres_10,3,1,6,6,0.003932
peres_8,3,1,6,6,0.00418
peres_9,3,2,6,6,0.004547
plus127mod8192_162,13,910,26,26,0.12442
plus127mod8192_308,25,54,69638,65,1.19298
plus63mod4096_163,12,429,24,24,0.088481
plus63mod4096_309,23,49,31750,56,0.825816
plus63mod8192_164,13,492,26,26,0.107661
plus63mod8192_310,25,53,69638,65,1.07399
pm1_249,14,35,81,54,0.182098
radd_250,13,48,152,51,0.096063
rd32-v0_66,4,4,9,9,0.008066
rd32-v0_67,4,2,9,9,0.008336
rd32-v1_68,4,5,9,9,0.009943
rd32-v1_69,4,1,9,9,0.008775
rd32_270,5,9,13,12,0.021534
rd32_271,5,9,13,12,0.014551
rd32_272,5,6,13,13,0.015571
rd32_273,5,20,13,12,0.017174
rd53_130,7,30,103,67,0.030725
rd53_131,7,28,34,21,0.031969
rd53_132,7,26,34,21,0.035939
rd53_133,7,12,26,21,0.029882
rd53_134,7,4,26,21,0.027726
rd53_135,7,16,36,25,0.038687
rd53_136,7,14,36,25,0.028698
rd53_137,7,16,36,25,0.030533
rd53_138,8,12,76,52,0.030007
rd53_139,8,4,76,52,0.035019
rd53_251,8,27,28,26,0.043649
rd53_311,13,34,684,338,0.105762
rd73_140,10,20,157,135,0.057735
rd73_141,10,8,157,135,0.056957
rd73_252,10,80,43,38,0.074698
rd73_312,25,73,49705,2233,1.75076
rd84_142,15,28,3588,505,0.219531
rd84_143,15,14,3588,505,0.24667
rd84_253,12,111,56,51,0.110548
rd84_313,34,104,131200,5354,8.12274
root_255,13,99,164,118,0.10961
ryy6_256,17,44,53,52,0.184451
sao2_257,14,88,127,109,0.132825
sf_274,5,19,19,17,0.0184
sf_275,5,11,19,17,0.015115
sf_276,5,16,18,17,0.017539
sqn_258,10,76,105,90,0.062872
sqr6_259,18,81,403,168,0.207304
sqrt8_260,12,40,129,84,0.115613
squar5_261,13,43,158,92,0.09917
sym10_262,11,194,48,48,0.106765
sym6_145,7,36,28,28,0.039098
sym6_316,14,29,1520,113,0.196386
sym9_146,12,28,229,184,0.053912
sym9_147,12,14,229,184,0.061974
sym9_148,10,210,53,53,0.091613
sym9_192,12,28,229,184,0.053607
sym9_193,10,129,41,41,0.078026
sym9_317,27,62,137772,567,1.9371
sys6-v0_111,10,20,247,129,0.059975
sys6-v0_144,10,10,247,129,0.049121
t481_263,17,21,60,55,0.137031
table3_264,28,1012,1581,928,1.49243
tial_265,22,1041,4538,1169,1.63837
toffoli_1,3,2,6,6,0.005811
toffoli_2,3,1,6,6,0.005178
toffoli_double_3,4,4,11,10,0.009816
toffoli_double_4,4,2,11,10,0.009342
urf1_149,9,11554,649,606,3.07046
urf1_150,9,1517,649,608,0.355868
urf1_151,9,1487,649,606,0.333484
urf1_278,9,6761,658,632,2.44764
urf2_152,8,5030,325,321,0.696907
urf2_153,8,638,325,318,0.110187
urf2_154,8,620,325,318,0.10888
urf2_161,8,3250,325,321,0.489705
urf2_277,8,3144,341,322,0.578336
urf3_155,10,26468,1113,1012,13.122
urf3_156,10,2732,1113,991,0.969755
urf3_157,10,2674,1113,991,0.949685
urf3_279,10,14075,1209,1018,10.7438
urf4_187,11,32004,1770,1730,14.7392
urf5_158,9,10276,394,240,2.33324
urf5_159,9,499,394,240,0.124522
urf5_280,9,5097,402,359,1.46586
urf6_160,15,10740,2371,2350,32.904
urf6_281,15,5088,2377,2337,9.45272
wim_266,11,25,62,46,0.088036
x2_267,17,38,159,101,0.194331
xor5_254,6,7,12,12,0.024731
z4_268,11,48,83,55,0.098086
z4ml_269,11,48,83,55,0.085041
