source,type,n,round,dd_size,purity,trace,dense_nodes
QFT_4,QFT,4,0,5,1.000000,1.000000,256
QFT_4,QFT,4,1,5,0.766087,1.000000,256
QFT_4,QFT,4,2,5,0.598109,1.000000,256
QFT_4,QFT,4,3,5,0.475761,1.000000,256
QFT_4,QFT,4,4,5,0.385405,1.000000,256
QFT_4,QFT,4,5,5,0.317768,1.000000,256
QFT_4,QFT,4,6,5,0.266476,1.000000,256
QFT_4,QFT,4,7,5,0.227092,1.000000,256
QFT_4,QFT,4,8,5,0.196494,1.000000,256
QFT_4,QFT,4,9,5,0.172457,1.000000,256
QFT_4,QFT,4,10,5,0.153378,1.000000,256
Clifford_4_42,Clifford,4,0,14,1.000000,1.000000,256
Clifford_4_42,Clifford,4,1,18,0.667816,1.000000,256
Clifford_4_42,Clifford,4,2,18,0.456577,1.000000,256
Clifford_4_42,Clifford,4,3,18,0.321208,1.000000,256
Clifford_4_42,Clifford,4,4,18,0.233772,1.000000,256
Clifford_4_42,Clifford,4,5,18,0.176843,1.000000,256
Clifford_4_42,Clifford,4,6,18,0.139474,1.000000,256
Clifford_4_42,Clifford,4,7,18,0.114746,1.000000,256
Clifford_4_42,Clifford,4,8,18,0.098249,1.000000,256
Clifford_4_42,Clifford,4,9,18,0.087153,1.000000,256
Clifford_4_42,Clifford,4,10,18,0.079631,1.000000,256
QFT_5,QFT,5,0,6,1.000000,1.000000,1024
QFT_5,QFT,5,1,6,0.716717,1.000000,1024
QFT_5,QFT,5,2,6,0.525987,1.000000,1024
QFT_5,QFT,5,3,6,0.395127,1.000000,1024
QFT_5,QFT,5,4,6,0.303666,1.000000,1024
QFT_5,QFT,5,5,6,0.238582,1.000000,1024
QFT_5,QFT,5,6,6,0.191458,1.000000,1024
QFT_5,QFT,5,7,6,0.156766,1.000000,1024
QFT_5,QFT,5,8,6,0.130824,1.000000,1024
QFT_5,QFT,5,9,6,0.111135,1.000000,1024
QFT_5,QFT,5,10,6,0.095985,1.000000,1024
Clifford_5_42,Clifford,5,0,30,1.000000,1.000000,1024
Clifford_5_42,Clifford,5,1,46,0.604743,1.000000,1024
Clifford_5_42,Clifford,5,2,46,0.377769,1.000000,1024
Clifford_5_42,Clifford,5,3,46,0.245103,1.000000,1024
Clifford_5_42,Clifford,5,4,46,0.166076,1.000000,1024
Clifford_5_42,Clifford,5,5,46,0.118053,1.000000,1024
Clifford_5_42,Clifford,5,6,46,0.088270,1.000000,1024
Clifford_5_42,Clifford,5,7,46,0.069415,1.000000,1024
Clifford_5_42,Clifford,5,8,46,0.057236,1.000000,1024
Clifford_5_42,Clifford,5,9,46,0.049218,1.000000,1024
Clifford_5_42,Clifford,5,10,46,0.043843,1.000000,1024
QFT_6,QFT,6,0,7,1.000000,1.000000,4096
QFT_6,QFT,6,1,7,0.670529,1.000000,4096
QFT_6,QFT,6,2,7,0.462562,1.000000,4096
QFT_6,QFT,6,3,7,0.328159,1.000000,4096
QFT_6,QFT,6,4,7,0.239263,1.000000,4096
QFT_6,QFT,6,5,7,0.179129,1.000000,4096
QFT_6,QFT,6,6,7,0.137559,1.000000,4096
QFT_6,QFT,6,7,7,0.108219,1.000000,4096
QFT_6,QFT,6,8,7,0.087101,1.000000,4096
QFT_6,QFT,6,9,7,0.071618,1.000000,4096
QFT_6,QFT,6,10,7,0.060068,1.000000,4096
Clifford_6_42,Clifford,6,0,46,1.000000,1.000000,4096
Clifford_6_42,Clifford,6,1,78,0.544956,1.000000,4096
Clifford_6_42,Clifford,6,2,78,0.306471,1.000000,4096
Clifford_6_42,Clifford,6,3,78,0.179075,1.000000,4096
Clifford_6_42,Clifford,6,4,78,0.109634,1.000000,4096
Clifford_6_42,Clifford,6,5,78,0.070977,1.000000,4096
Clifford_6_42,Clifford,6,6,78,0.048983,1.000000,4096
Clifford_6_42,Clifford,6,7,78,0.036189,1.000000,4096
Clifford_6_42,Clifford,6,8,78,0.028581,1.000000,4096
Clifford_6_42,Clifford,6,9,78,0.023956,1.000000,4096
Clifford_6_42,Clifford,6,10,78,0.021085,1.000000,4096
QFT_7,QFT,7,0,8,1.000000,1.000000,16384
QFT_7,QFT,7,1,8,0.627317,1.000000,16384
QFT_7,QFT,7,2,8,0.406785,1.000000,16384
QFT_7,QFT,7,3,8,0.272540,1.000000,16384
QFT_7,QFT,7,4,8,0.188519,1.000000,16384
QFT_7,QFT,7,5,8,0.134491,1.000000,16384
QFT_7,QFT,7,6,8,0.098833,1.000000,16384
QFT_7,QFT,7,7,8,0.074706,1.000000,16384
QFT_7,QFT,7,8,8,0.057991,1.000000,16384
QFT_7,QFT,7,9,8,0.046152,1.000000,16384
QFT_7,QFT,7,10,8,0.037591,1.000000,16384
Clifford_7_42,Clifford,7,0,62,1.000000,1.000000,16384
Clifford_7_42,Clifford,7,1,112,0.492300,1.000000,16384
Clifford_7_42,Clifford,7,2,112,0.251146,1.000000,16384
Clifford_7_42,Clifford,7,3,112,0.133781,1.000000,16384
Clifford_7_42,Clifford,7,4,112,0.075135,1.000000,16384
Clifford_7_42,Clifford,7,5,112,0.044992,1.000000,16384
Clifford_7_42,Clifford,7,6,112,0.029030,1.000000,16384
Clifford_7_42,Clifford,7,7,112,0.020314,1.000000,16384
Clifford_7_42,Clifford,7,8,112,0.015404,1.000000,16384
Clifford_7_42,Clifford,7,9,112,0.012554,1.000000,16384
Clifford_7_42,Clifford,7,10,112,0.010849,1.000000,16384
QFT_8,QFT,8,0,9,1.000000,1.000000,65536
QFT_8,QFT,8,1,9,0.586890,1.000000,65536
QFT_8,QFT,8,2,9,0.357734,1.000000,65536
QFT_8,QFT,8,3,9,0.226349,1.000000,65536
QFT_8,QFT,8,4,9,0.148537,1.000000,65536
QFT_8,QFT,8,5,9,0.100977,1.000000,65536
QFT_8,QFT,8,6,9,0.071010,1.000000,65536
QFT_8,QFT,8,7,9,0.051571,1.000000,65536
QFT_8,QFT,8,8,9,0.038610,1.000000,65536
QFT_8,QFT,8,9,9,0.029741,1.000000,65536
QFT_8,QFT,8,10,9,0.023525,1.000000,65536
Clifford_8_42,Clifford,8,0,234,1.000000,1.000000,65536
Clifford_8_42,Clifford,8,1,502,0.444090,1.000000,65536
Clifford_8_42,Clifford,8,2,502,0.204411,1.000000,65536
Clifford_8_42,Clifford,8,3,502,0.098211,1.000000,65536
Clifford_8_42,Clifford,8,4,502,0.049773,1.000000,65536
Clifford_8_42,Clifford,8,5,502,0.026999,1.000000,65536
Clifford_8_42,Clifford,8,6,502,0.015948,1.000000,65536
Clifford_8_42,Clifford,8,7,502,0.010410,1.000000,65536
Clifford_8_42,Clifford,8,8,502,0.007541,1.000000,65536
Clifford_8_42,Clifford,8,9,502,0.006006,1.000000,65536
Clifford_8_42,Clifford,8,10,502,0.005158,1.000000,65536
QFT_9,QFT,9,0,10,1.000000,1.000000,262144
QFT_9,QFT,9,1,10,0.549068,1.000000,262144
QFT_9,QFT,9,2,10,0.314597,1.000000,262144
QFT_9,QFT,9,3,10,0.187986,1.000000,262144
QFT_9,QFT,9,4,10,0.117035,1.000000,262144
QFT_9,QFT,9,5,10,0.075814,1.000000,262144
QFT_9,QFT,9,6,10,0.051019,1.000000,262144
QFT_9,QFT,9,7,10,0.035600,1.000000,262144
QFT_9,QFT,9,8,10,0.025706,1.000000,262144
QFT_9,QFT,9,9,10,0.019166,1.000000,262144
QFT_9,QFT,9,10,10,0.014722,1.000000,262144
Clifford_9_42,Clifford,9,0,238,1.000000,1.000000,262144
Clifford_9_42,Clifford,9,1,674,0.401178,1.000000,262144
Clifford_9_42,Clifford,9,2,674,0.167497,1.000000,262144
Clifford_9_42,Clifford,9,3,674,0.073335,1.000000,262144
Clifford_9_42,Clifford,9,4,674,0.034054,1.000000,262144
Clifford_9_42,Clifford,9,5,674,0.017044,1.000000,262144
Clifford_9_42,Clifford,9,6,674,0.009380,1.000000,262144
Clifford_9_42,Clifford,9,7,674,0.005781,1.000000,262144
Clifford_9_42,Clifford,9,8,674,0.004017,1.000000,262144
Clifford_9_42,Clifford,9,9,674,0.003114,1.000000,262144
Clifford_9_42,Clifford,9,10,674,0.002632,1.000000,262144
QFT_10,QFT,10,0,11,1.000000,1.000000,1048576
QFT_10,QFT,10,1,11,0.513684,1.000000,1048576
QFT_10,QFT,10,2,11,0.276662,1.000000,1048576
QFT_10,QFT,10,3,11,0.156125,1.000000,1048576
QFT_10,QFT,10,4,11,0.092213,1.000000,1048576
QFT_10,QFT,10,5,11,0.056922,1.000000,1048576
QFT_10,QFT,10,6,11,0.036656,1.000000,1048576
QFT_10,QFT,10,7,11,0.024576,1.000000,1048576
QFT_10,QFT,10,8,11,0.017115,1.000000,1048576
QFT_10,QFT,10,9,11,0.012351,1.000000,1048576
QFT_10,QFT,10,10,11,0.009213,1.000000,1048576
Clifford_10_42,Clifford,10,0,938,1.000000,1.000000,1048576
Clifford_10_42,Clifford,10,1,2766,0.362382,1.000000,1048576
Clifford_10_42,Clifford,10,2,2766,0.137151,1.000000,1048576
Clifford_10_42,Clifford,10,3,2766,0.054626,1.000000,1048576
Clifford_10_42,Clifford,10,4,2766,0.023163,1.000000,1048576
Clifford_10_42,Clifford,10,5,2766,0.010642,1.000000,1048576
Clifford_10_42,Clifford,10,6,2766,0.005424,1.000000,1048576
Clifford_10_42,Clifford,10,7,2766,0.003141,1.000000,1048576
Clifford_10_42,Clifford,10,8,2766,0.002089,1.000000,1048576
Clifford_10_42,Clifford,10,9,2766,0.001580,1.000000,1048576
Clifford_10_42,Clifford,10,10,2766,0.001319,1.000000,1048576
QFT_11,QFT,11,0,12,1.000000,1.000000,4194304
QFT_11,QFT,11,1,12,0.480580,1.000000,4194304
QFT_11,QFT,11,2,12,0.243302,1.000000,4194304
QFT_11,QFT,11,3,12,0.129664,1.000000,4194304
QFT_11,QFT,11,4,12,0.072656,1.000000,4194304
QFT_11,QFT,11,5,12,0.042737,1.000000,4194304
QFT_11,QFT,11,6,12,0.026337,1.000000,4194304
QFT_11,QFT,11,7,12,0.016965,1.000000,4194304
QFT_11,QFT,11,8,12,0.011395,1.000000,4194304
QFT_11,QFT,11,9,12,0.007959,1.000000,4194304
QFT_11,QFT,11,10,12,0.005766,1.000000,4194304
Clifford_11_42,Clifford,11,0,714,1.000000,1.000000,4194304
Clifford_11_42,Clifford,11,1,1628,0.338996,1.000000,4194304
Clifford_11_42,Clifford,11,2,1628,0.120512,1.000000,4194304
Clifford_11_42,Clifford,11,3,1628,0.045228,1.000000,4194304
Clifford_11_42,Clifford,11,4,1628,0.018112,1.000000,4194304
Clifford_11_42,Clifford,11,5,1628,0.007874,1.000